{
    "1": [
        1.367968,
        103.828369
    ],
    "2": [
        1.373087,
        103.828583
    ],
    "3": [
        1.377742,
        103.828347
    ],
    "4": [
        1.383739,
        103.83718
    ],
    "5": [
        1.387729,
        103.841814
    ],
    "6": [
        1.392363,
        103.850309
    ],
    "7": [
        1.39099,
        103.858143
    ],
    "8": [
        1.388347,
        103.868688
    ],
    "9": [
        1.386022,
        103.874789
    ],
    "10": [
        1.380239,
        103.876842
    ],
    "11": [
        1.370568,
        103.876481
    ],
    "12": [
        1.362528,
        103.873369
    ],
    "13": [
        1.358667,
        103.874141
    ],
    "14": [
        1.353879,
        103.864159
    ],
    "15": [
        1.355398,
        103.857019
    ],
    "16": [
        1.360383,
        103.852308
    ],
    "17": [
        1.36427,
        103.843239
    ],
    "18": [
        1.366741,
        103.835794
    ],
    "19": [
        1.373411,
        103.837219
    ],
    "20": [
        1.371512,
        103.846801
    ],
    "21": [
        1.383799,
        103.847792
    ],
    "22": [
        1.363895,
        103.855816
    ],
    "23": [
        1.372542,
        103.85616
    ],
    "24": [
        1.383332,
        103.858383
    ],
    "25": [
        1.362013,
        103.867884
    ],
    "26": [
        1.370086,
        103.873079
    ],
    "27": [
        1.378407,
        103.867413
    ],
    "28": [
        1.37155,
        103.832976
    ],
    "29": [
        1.374906,
        103.833255
    ],
    "30": [
        1.380934,
        103.83428
    ],
    "31": [
        1.373477,
        103.837241
    ],
    "32": [
        1.380681,
        103.837688
    ],
    "33": [
        1.378651,
        103.83258
    ],
    "34": [
        1.36846,
        103.83551
    ],
    "35": [
        1.371003,
        103.836593
    ],
    "36": [
        1.378002,
        103.836413
    ],
    "37": [
        1.369657,
        103.840804
    ],
    "38": [
        1.367384,
        103.84045
    ],
    "39": [
        1.365078,
        103.839623
    ],
    "40": [
        1.369085,
        103.845429
    ],
    "41": [
        1.367262,
        103.844753
    ],
    "42": [
        1.368935,
        103.849678
    ],
    "43": [
        1.36589,
        103.848852
    ],
    "44": [
        1.363362,
        103.848084
    ],
    "45": [
        1.365217,
        103.851926
    ],
    "46": [
        1.377208,
        103.842229
    ],
    "47": [
        1.372329,
        103.841231
    ],
    "48": [
        1.377304,
        103.844729
    ],
    "49": [
        1.374088,
        103.845094
    ],
    "50": [
        1.371696,
        103.845405
    ],
    "51": [
        1.388739,
        103.863325
    ],
    "52": [
        1.385955,
        103.861855
    ],
    "53": [
        1.384727,
        103.864902
    ],
    "54": [
        1.384196,
        103.868251
    ],
    "55": [
        1.385167,
        103.872809
    ],
    "56": [
        1.382641,
        103.871977
    ],
    "57": [
        1.380641,
        103.87364
    ],
    "58": [
        1.379933,
        103.869837
    ],
    "59": [
        1.381005,
        103.86848
    ],
    "60": [
        1.382684,
        103.866012
    ],
    "61": [
        1.382024,
        103.862944
    ],
    "62": [
        1.378673,
        103.87179
    ],
    "63": [
        1.382229,
        103.838739
    ],
    "64": [
        1.380342,
        103.841508
    ],
    "65": [
        1.384041,
        103.843783
    ],
    "66": [
        1.380685,
        103.844266
    ],
    "67": [
        1.38723,
        103.845004
    ],
    "68": [
        1.387632,
        103.848191
    ],
    "69": [
        1.382728,
        103.849535
    ],
    "70": [
        1.378181,
        103.849395
    ],
    "71": [
        1.389301,
        103.853217
    ],
    "72": [
        1.387839,
        103.858292
    ],
    "73": [
        1.377827,
        103.857026
    ],
    "74": [
        1.376722,
        103.847715
    ],
    "75": [
        1.376143,
        103.85089
    ],
    "76": [
        1.375822,
        103.854711
    ],
    "77": [
        1.376508,
        103.858533
    ],
    "78": [
        1.373165,
        103.848212
    ],
    "79": [
        1.373036,
        103.850852
    ],
    "80": [
        1.369776,
        103.853116
    ],
    "81": [
        1.372693,
        103.859881
    ],
    "82": [
        1.369111,
        103.856825
    ],
    "83": [
        1.369358,
        103.860834
    ],
    "84": [
        1.367684,
        103.853794
    ],
    "85": [
        1.363105,
        103.859237
    ],
    "86": [
        1.365977,
        103.858082
    ],
    "87": [
        1.359168,
        103.856174
    ],
    "88": [
        1.376056,
        103.841037
    ],
    "89": [
        1.371928,
        103.843226
    ],
    "90": [
        1.377042,
        103.861206
    ],
    "91": [
        1.375884,
        103.865755
    ],
    "92": [
        1.377128,
        103.875582
    ],
    "93": [
        1.375176,
        103.871591
    ],
    "94": [
        1.37494,
        103.875561
    ],
    "95": [
        1.372795,
        103.873694
    ],
    "96": [
        1.372966,
        103.871634
    ],
    "97": [
        1.37183,
        103.868415
    ],
    "98": [
        1.370328,
        103.863952
    ],
    "99": [
        1.369625,
        103.869756
    ],
    "100": [
        1.368135,
        103.867364
    ],
    "101": [
        1.368,
        103.865556
    ],
    "102": [
        1.368065,
        103.864167
    ],
    "103": [
        1.36637,
        103.862166
    ],
    "104": [
        1.365517,
        103.865014
    ],
    "105": [
        1.365287,
        103.869156
    ],
    "106": [
        1.364659,
        103.872465
    ],
    "107": [
        1.363624,
        103.863432
    ],
    "108": [
        1.363791,
        103.866087
    ],
    "109": [
        1.362589,
        103.869976
    ],
    "110": [
        1.368135,
        103.867365
    ],
    "111": [
        1.35979,
        103.872938
    ],
    "112": [
        1.361152,
        103.866334
    ],
    "113": [
        1.360122,
        103.86384
    ],
    "114": [
        1.360487,
        103.861399
    ],
    "115": [
        1.358347,
        103.862574
    ],
    "116": [
        1.358229,
        103.865315
    ],
    "117": [
        1.357945,
        103.867428
    ],
    "118": [
        1.35698,
        103.871425
    ],
    "119": [
        1.35661,
        103.865068
    ],
    "120": [
        1.355816,
        103.864295
    ],
    "121": [
        1.356948,
        103.860133
    ],
    "122": [
        1.356754,
        103.868064
    ],
    "123": [
        1.35935,
        103.869773
    ]
}